season,avg_bias_factor,months
kevad,0.9483801266205072,6
suvi,1.0112915545267631,6
sügis,1.013383713585439,7
talv,1.0294423350038693,6
