day_local;N;avg_abs_err_MWh;max_abs_err_MWh;min_abs_err_MWh
2025-09-22;24;71.77786641468445;147.42441375787655;15.20086688165884
