day_local;N;avg_abs_err_MWh;max_abs_err_MWh;min_abs_err_MWh
2025-09-23;14;65.74535597025945;188.87686498778044;2.6202518811444406
