{
  "median": 857.9334145116029,
  "mad": 108.74887561405899,
  "lower": 205.44016082724897,
  "upper": 1510.4266681959568,
  "k": 6.0
}